user_id,product_id,event_time,user_age,user_city_tier,product_category,product_brand,price,price_log,session_duration,browsing_time_last_7d_mins,browsing_time_last_7d_log,days_since_last_purchase,days_since_last_purchase_log,avg_cart_value,avg_cart_value_log,total_orders,total_browsing_events,total_clicks,click_through_proxy,category_affinity,is_affordable,price_to_avg_cart_ratio,event_hour,event_dayofweek,purchased_within_7_days
U_030,P_007,2025-09-01 03:47:01,45,Tier-3,FMCG,ITC,234.02,5.459670616905795,3.51,4.918,1.7779985539780179,999.0,6.907755278982137,3263.75,8.090938469100516,0.0,10,1,0.1,1,1,0.07170279586365377,3,0,0
U_005,P_046,2025-09-01 15:45:49,25,Tier-1,Fashion,TrendCraft,3098.53,8.039005766075613,6.13,4.765,1.7518051537210222,0.0,0.0,2212.74,7.702438671864932,1.0,6,1,0.16666666666666666,1,0,1.4003136382946033,15,0,0
U_003,P_060,2025-09-01 20:05:22,32,Tier-1,Electronics,Xiaomi,15057.24,9.619680628654683,20.16,8.107272727272727,2.2090732951311,0.0,0.0,15057.24,9.619680628654683,2.0,11,6,0.5454545454545454,1,0,1.0,20,0,1
U_003,P_060,2025-09-01 20:05:22,32,Tier-1,Electronics,Xiaomi,15057.24,9.619680628654683,20.16,8.107272727272727,2.2090732951311,0.0,0.0,15057.24,9.619680628654683,2.0,11,6,0.5454545454545454,1,0,1.0,20,0,0
U_041,P_070,2025-09-02 09:02:53,42,Tier-2,Fashion,TrendCraft,4159.46,8.333380924065208,25.59,9.09,2.3115448343655176,0.0,0.0,2694.94,7.899502216591669,1.0,11,2,0.18181818181818182,1,0,1.5434332489777138,9,1,0
U_032,P_023,2025-09-03 03:40:53,32,Tier-3,FMCG,Nestle,471.11,6.157212009280883,3.78,11.6725,2.5394342913643673,0.0,0.0,491.84,6.200184577756468,1.0,4,0,0.0,1,1,0.9578521470396878,3,2,0
U_007,P_030,2025-09-04 00:54:59,56,Tier-1,FMCG,Patanjali,261.02,5.568420836725524,1.42,10.143636363636363,2.410868605259215,0.0,0.0,12089.61,9.400184397257455,2.0,11,2,0.18181818181818182,1,1,0.02159044005555183,0,3,0
U_012,P_028,2025-09-04 14:49:34,41,Tier-1,FMCG,HUL,799.08,6.68471172266826,7.28,8.426666666666668,2.2435425523602626,0.0,0.0,1670.855,7.421689067395996,2.0,6,2,0.3333333333333333,1,1,0.47824616738137066,14,3,0
U_034,P_017,2025-09-04 18:07:41,54,Tier-1,Electronics,Samsung,7183.53,8.879685382316469,7.77,6.136,1.9651523952777084,0.0,0.0,7183.53,8.879685382316469,1.0,5,1,0.2,1,1,1.0,18,3,1
U_009,P_009,2025-09-06 17:33:11,40,Tier-1,Electronics,Samsung,4166.63,8.335102807899682,11.26,9.932857142857143,2.3917726717665166,0.0,0.0,10757.460000000001,9.283447700796168,2.0,7,2,0.2857142857142857,1,1,0.3873247030432834,17,5,0
U_035,P_033,2025-09-10 04:34:06,24,Tier-1,Electronics,Boat,1716.13,7.448409571485055,7.9,9.218333333333334,2.3241834925465414,0.0,0.0,10198.73,9.230116528333776,1.0,6,0,0.0,1,1,0.16826899035468143,4,2,0
U_044,P_029,2025-09-10 11:39:40,43,Tier-2,Fashion,ModaLeaf,836.56,6.730492902924116,2.14,5.3775,1.8527761710338295,999.0,6.907755278982137,3263.75,8.090938469100516,0.0,8,1,0.125,1,1,0.25631865185752584,11,2,0
U_010,P_057,2025-09-10 15:01:32,28,Tier-2,Fashion,UrbanWeave,3024.55,8.014848172119837,8.88,10.275,2.422587885388742,999.0,6.907755278982137,3263.75,8.090938469100516,0.0,2,0,0.0,0,0,0.926710072769054,15,2,0
U_017,P_056,2025-09-11 17:15:20,39,Tier-2,Electronics,Samsung,22463.09,10.019673313227768,6.92,19.785,3.0342315727046008,0.0,0.0,2564.415,7.849875537890053,2.0,6,3,0.5,0,0,8.759537750325123,17,3,0
U_038,P_003,2025-09-14 23:48:23,56,Tier-3,Electronics,Samsung,5597.61,8.630273631627261,3.36,7.892727272727272,2.1852337823128405,999.0,6.907755278982137,3263.75,8.090938469100516,0.0,11,3,0.2727272727272727,0,1,1.7150854078896973,23,6,0
U_025,P_043,2025-09-15 20:34:58,29,Tier-3,Fashion,StyleHub,1449.0,7.27931883541462,6.14,4.764285714285714,1.7516812456606445,0.0,0.0,1449.0,7.27931883541462,1.0,7,2,0.2857142857142857,1,1,1.0,20,0,1
U_038,P_050,2025-09-16 00:56:22,56,Tier-3,FMCG,HUL,184.92,5.225316473663546,4.04,7.892727272727272,2.1852337823128405,999.0,6.907755278982137,3263.75,8.090938469100516,0.0,11,3,0.2727272727272727,1,1,0.05665875143623132,0,1,0
U_039,P_027,2025-09-16 10:25:08,35,Tier-3,FMCG,Nestle,953.46,6.861145735530225,2.99,10.388333333333334,2.432589439564632,999.0,6.907755278982137,3263.75,8.090938469100516,0.0,6,3,0.5,0,0,0.29213634622749907,10,1,0
U_023,P_045,2025-09-16 11:50:49,38,Tier-2,FMCG,Nestle,916.07,6.821183805220893,5.23,15.719999999999999,2.8166056076565553,0.0,0.0,17759.54,9.78473442148933,1.0,5,1,0.2,1,0,0.05158185403450765,11,1,0
U_022,P_032,2025-09-17 05:52:23,19,Tier-1,Fashion,TrendCraft,2925.72,7.981637621029636,6.39,8.046666666666667,2.2023963657386134,0.0,0.0,2925.72,7.981637621029636,1.0,3,2,0.6666666666666666,1,1,1.0,5,2,1
U_030,P_061,2025-09-18 02:55:06,45,Tier-3,Electronics,Sony,13074.17,9.478470290760646,13.41,4.918,1.7779985539780179,999.0,6.907755278982137,3263.75,8.090938469100516,0.0,10,1,0.1,0,0,4.0058736116430484,2,3,0
U_039,P_049,2025-09-18 05:42:44,35,Tier-3,Electronics,Sony,14855.25,9.606175931108504,24.24,10.388333333333334,2.432589439564632,999.0,6.907755278982137,3263.75,8.090938469100516,0.0,6,3,0.5,0,0,4.551589429337419,5,3,0
U_045,P_016,2025-09-18 22:44:35,19,Tier-1,Electronics,Boat,13946.79,9.543076351760204,4.71,8.37375,2.237913229633462,0.0,0.0,12813.736666666666,9.458351089751043,3.0,8,4,0.5,1,0,1.088424896094582,22,3,0
U_011,P_043,2025-09-20 11:21:37,28,Tier-2,Fashion,StyleHub,1449.0,7.27931883541462,31.38,8.837,2.2861507865306208,0.0,0.0,1449.0,7.27931883541462,1.0,10,2,0.2,0,1,1.0,11,5,1
U_010,P_033,2025-09-20 15:31:02,28,Tier-2,Electronics,Boat,1716.13,7.448409571485055,11.67,10.275,2.422587885388742,999.0,6.907755278982137,3263.75,8.090938469100516,0.0,2,0,0.0,0,1,0.5258153963998469,15,5,0
U_030,P_040,2025-09-20 17:28:48,45,Tier-3,FMCG,ITC,810.2,6.698514632836919,1.84,4.918,1.7779985539780179,999.0,6.907755278982137,3263.75,8.090938469100516,0.0,10,1,0.1,1,0,0.2482420528533129,17,5,0
U_011,P_010,2025-09-22 00:54:43,28,Tier-2,Electronics,Boat,23230.3,10.053255786316585,2.25,8.837,2.2861507865306208,0.0,0.0,1449.0,7.27931883541462,1.0,10,2,0.2,1,0,16.031953071083507,0,0,0
U_029,P_039,2025-09-23 02:09:21,59,Tier-1,Electronics,Sony,17759.54,9.78473442148933,3.13,3.675,1.5422291627406504,999.0,6.907755278982137,3263.75,8.090938469100516,0.0,2,0,0.0,0,0,5.441452317119878,2,1,0
U_016,P_068,2025-09-23 04:49:08,20,Tier-3,Fashion,StyleHub,4261.83,8.357688537949887,4.74,11.512857142857143,2.5267566871196845,999.0,6.907755278982137,3263.75,8.090938469100516,0.0,7,2,0.2857142857142857,1,0,1.3058077364994254,4,1,0
U_031,P_011,2025-09-23 17:06:13,33,Tier-1,Fashion,TrendCraft,4009.36,8.296636291832128,8.24,5.15,1.8164520818184267,999.0,6.907755278982137,3263.75,8.090938469100516,0.0,5,0,0.0,1,0,1.2284519341248563,17,1,0
U_028,P_047,2025-09-23 18:31:17,44,Tier-2,Fashion,UrbanWeave,3896.89,8.26819066006953,12.89,6.994285714285715,2.078727000741967,999.0,6.907755278982137,3263.75,8.090938469100516,0.0,7,2,0.2857142857142857,1,0,1.1939915741095366,18,1,0
U_030,P_006,2025-09-24 12:57:03,45,Tier-3,FMCG,Patanjali,1129.14,7.030096797837492,4.07,4.918,1.7779985539780179,999.0,6.907755278982137,3263.75,8.090938469100516,0.0,10,1,0.1,1,0,0.34596399846801995,12,2,0
U_027,P_047,2025-09-24 16:09:56,42,Tier-1,Fashion,UrbanWeave,3896.89,8.26819066006953,9.95,5.797499999999999,1.9165548975244886,0.0,0.0,1084.76,6.990035481595865,1.0,4,0,0.0,0,0,3.5923983185220694,16,2,0
U_042,P_017,2025-09-27 09:26:28,31,Tier-1,Electronics,Samsung,7183.53,8.879685382316469,12.7,7.83,2.178155014615869,999.0,6.907755278982137,3263.75,8.090938469100516,0.0,2,1,0.5,1,1,2.201004978935274,9,5,0
U_041,P_036,2025-09-27 14:39:54,42,Tier-2,Fashion,StyleHub,520.25,6.256229773113011,4.23,9.09,2.3115448343655176,0.0,0.0,2694.94,7.899502216591669,1.0,11,2,0.18181818181818182,1,1,0.1930469695058146,14,5,0
U_032,P_045,2025-09-27 17:10:53,32,Tier-3,FMCG,Nestle,916.07,6.821183805220893,2.09,11.6725,2.5394342913643673,0.0,0.0,491.84,6.200184577756468,1.0,4,0,0.0,1,0,1.8625365972674042,17,5,0
U_031,P_019,2025-09-27 23:02:53,33,Tier-1,FMCG,ITC,1084.88,6.990145997151043,2.16,5.15,1.8164520818184267,999.0,6.907755278982137,3263.75,8.090938469100516,0.0,5,0,0.0,0,0,0.3324029107621601,23,5,0
U_024,P_056,2025-09-28 04:12:11,50,Tier-1,Electronics,Samsung,22463.09,10.019673313227768,12.49,8.530000000000001,2.254444717666111,0.0,0.0,13311.275,9.4964418209005,2.0,2,0,0.0,0,0,1.687523546767684,4,6,1
U_005,P_007,2025-09-29 04:09:03,25,Tier-1,FMCG,ITC,234.02,5.459670616905795,0.59,4.765,1.7518051537210222,0.0,0.0,2212.74,7.702438671864932,1.0,6,1,0.16666666666666666,0,1,0.10576027911096651,4,0,0
U_012,P_002,2025-09-29 06:48:29,41,Tier-1,Fashion,StyleHub,3080.69,8.033233426784808,18.09,8.426666666666668,2.2435425523602626,0.0,0.0,1670.855,7.421689067395996,2.0,6,2,0.3333333333333333,0,0,1.843780579403958,6,0,1
U_011,P_070,2025-09-29 10:50:21,28,Tier-2,Fashion,TrendCraft,4159.46,8.333380924065208,4.52,8.837,2.2861507865306208,5.144953703703703,1.8156312090113758,1449.0,7.27931883541462,1.0,10,2,0.2,0,0,2.8705728088336784,10,0,0
U_020,P_025,2025-09-30 05:19:24,47,Tier-1,FMCG,Dove,1084.76,6.990035481595865,5.75,18.755714285714284,2.9834427804212535,0.0,0.0,13074.17,9.478470290760646,1.0,7,4,0.5714285714285714,0,0,0.08296970285685439,5,1,0
U_021,P_003,2025-09-30 06:38:17,55,Tier-1,Electronics,Samsung,5597.61,8.630273631627261,16.8,10.633333333333333,2.4538745405402715,999.0,6.907755278982137,3263.75,8.090938469100516,0.0,3,0,0.0,0,1,1.7150854078896973,6,1,0
U_036,P_056,2025-10-02 02:41:34,38,Tier-3,Electronics,Samsung,22463.09,10.019673313227768,5.03,8.433333333333334,2.2442495159810822,0.0,0.0,20349.65,9.920868131392579,2.0,9,3,0.3333333333333333,1,0,1.10385633168138,2,3,1
U_004,P_051,2025-10-02 20:08:26,60,Tier-2,FMCG,ITC,491.84,6.200184577756468,15.16,13.995,2.7077168122009723,0.0,0.0,2594.726666666667,7.861621782090544,3.0,4,1,0.25,0,1,0.189553684524253,20,3,1
U_011,P_060,2025-10-03 22:21:06,28,Tier-2,Electronics,Xiaomi,15057.24,9.619680628654683,4.24,8.837,2.2861507865306208,9.624641203703703,2.363175945177112,1449.0,7.27931883541462,1.0,10,2,0.2,1,0,10.391469979296065,22,4,0
U_008,P_031,2025-10-06 20:17:02,36,Tier-2,Electronics,Sony,22616.02,10.026457999169999,2.17,9.77,2.3767644911682972,999.0,6.907755278982137,3263.75,8.090938469100516,0.0,2,0,0.0,0,0,6.929458445040215,20,0,0
U_013,P_062,2025-10-07 05:16:19,53,Tier-3,FMCG,Dove,298.67,5.702681869212168,11.77,6.734999999999999,2.045755484025029,0.0,0.0,298.67,5.702681869212168,1.0,6,0,0.0,1,1,1.0,5,1,1
U_018,P_010,2025-10-07 06:25:54,19,Tier-3,Electronics,Boat,23230.3,10.053255786316585,8.52,5.172499999999999,1.8201039422371974,999.0,6.907755278982137,3263.75,8.090938469100516,0.0,4,1,0.25,0,0,7.117671390271926,6,1,0
U_036,P_007,2025-10-07 15:10:48,38,Tier-3,FMCG,ITC,234.02,5.459670616905795,0.79,8.433333333333334,2.2442495159810822,0.0,0.0,20349.65,9.920868131392579,2.0,9,3,0.3333333333333333,0,1,0.011499952087628043,15,1,0
U_030,P_045,2025-10-08 15:27:38,45,Tier-3,FMCG,Nestle,916.07,6.821183805220893,1.1,4.918,1.7779985539780179,999.0,6.907755278982137,3263.75,8.090938469100516,0.0,10,1,0.1,1,0,0.280680199157411,15,2,0
U_003,P_060,2025-10-09 00:34:31,32,Tier-1,Electronics,Xiaomi,15057.24,9.619680628654683,2.14,8.107272727272727,2.2090732951311,0.0,0.0,15057.24,9.619680628654683,2.0,11,6,0.5454545454545454,1,0,1.0,0,3,0
U_003,P_060,2025-10-09 00:34:31,32,Tier-1,Electronics,Xiaomi,15057.24,9.619680628654683,2.14,8.107272727272727,2.2090732951311,0.0,0.0,15057.24,9.619680628654683,2.0,11,6,0.5454545454545454,1,0,1.0,0,3,1
U_031,P_032,2025-10-09 05:19:15,33,Tier-1,Fashion,TrendCraft,2925.72,7.981637621029636,4.28,5.15,1.8164520818184267,999.0,6.907755278982137,3263.75,8.090938469100516,0.0,5,0,0.0,1,1,0.8964289544235924,5,3,0
U_018,P_038,2025-10-09 19:53:34,19,Tier-3,Fashion,UrbanWeave,2694.94,7.899502216591669,8.28,5.172499999999999,1.8201039422371974,999.0,6.907755278982137,3263.75,8.090938469100516,0.0,4,1,0.25,1,1,0.8257188816545386,19,3,0
U_036,P_068,2025-10-10 22:06:21,38,Tier-3,Fashion,StyleHub,4261.83,8.357688537949887,4.43,8.433333333333334,2.2442495159810822,0.0,0.0,20349.65,9.920868131392579,2.0,9,3,0.3333333333333333,0,0,0.2094301376190745,22,4,0
U_028,P_070,2025-10-11 05:29:46,44,Tier-2,Fashion,TrendCraft,4159.46,8.333380924065208,4.82,6.994285714285715,2.078727000741967,999.0,6.907755278982137,3263.75,8.090938469100516,0.0,7,2,0.2857142857142857,1,0,1.2744419762543087,5,5,0
U_007,P_013,2025-10-12 13:38:51,56,Tier-1,FMCG,Patanjali,819.18,6.709523828364144,7.94,10.143636363636363,2.410868605259215,0.0,0.0,12089.61,9.400184397257455,2.0,11,2,0.18181818181818182,1,0,0.06775900959584304,13,6,0
U_045,P_022,2025-10-12 23:31:27,19,Tier-1,Electronics,Xiaomi,9467.2,9.155694094196154,6.82,8.37375,2.237913229633462,0.0,0.0,12813.736666666666,9.458351089751043,3.0,8,4,0.5,1,1,0.73883210231936,23,6,1
U_035,P_035,2025-10-13 02:23:05,24,Tier-1,Electronics,Samsung,17092.29,9.746441267821824,11.03,9.218333333333334,2.3241834925465414,0.0,0.0,10198.73,9.230116528333776,1.0,6,0,0.0,1,0,1.6759233747731337,2,0,0
U_004,P_075,2025-10-13 10:27:40,60,Tier-2,Fashion,ModaLeaf,4366.62,8.381973517303344,14.42,13.995,2.7077168122009723,0.0,0.0,2594.726666666667,7.861621782090544,3.0,4,1,0.25,1,0,1.6828824616080305,10,0,1
U_033,P_017,2025-10-14 10:44:24,20,Tier-3,Electronics,Samsung,7183.53,8.879685382316469,25.87,14.870000000000001,2.7644305345383176,0.0,0.0,5107.969999999999,8.538753097322953,2.0,4,1,0.25,1,1,1.4063375470098691,10,1,1
U_043,P_050,2025-10-15 19:03:46,26,Tier-3,FMCG,HUL,184.92,5.225316473663546,2.14,8.706,2.2727442509830245,0.0,0.0,703.955,6.558133970987827,2.0,10,4,0.4,1,1,0.2626872456335987,19,2,0
U_040,P_046,2025-10-15 19:52:23,21,Tier-1,Fashion,TrendCraft,3098.53,8.039005766075613,2.62,5.986,1.9439081463846402,0.0,0.0,10828.215,9.290002853526774,2.0,5,1,0.2,1,0,0.2861533502982717,19,2,0
U_034,P_008,2025-10-15 21:53:48,54,Tier-1,FMCG,Patanjali,461.99,6.13770545558085,3.23,6.136,1.9651523952777084,39.8653587962963,3.7102827309686113,7183.53,8.879685382316469,1.0,5,1,0.2,0,1,0.06431239237533637,21,2,0
U_007,P_052,2025-10-17 13:25:27,56,Tier-1,Electronics,Samsung,7732.26,8.95328578618271,24.21,10.143636363636363,2.410868605259215,0.0,0.0,12089.61,9.400184397257455,2.0,11,2,0.18181818181818182,0,1,0.6395789442339331,13,4,0
U_043,P_019,2025-10-19 09:35:31,26,Tier-3,FMCG,ITC,1084.88,6.990145997151043,1.09,8.706,2.2727442509830245,0.0,0.0,703.955,6.558133970987827,2.0,10,4,0.4,1,0,1.5411212364426705,9,6,0
U_001,P_017,2025-10-20 10:24:29,56,Tier-3,Electronics,Samsung,7183.53,8.879685382316469,19.83,13.024999999999999,2.6408414514087597,999.0,6.907755278982137,3263.75,8.090938469100516,0.0,4,2,0.5,0,1,2.201004978935274,10,0,0
U_027,P_019,2025-10-20 11:52:42,42,Tier-1,FMCG,ITC,1084.88,6.990145997151043,2.98,5.797499999999999,1.9165548975244886,0.0,0.0,1084.76,6.990035481595865,1.0,4,0,0.0,1,0,1.0001106235480661,11,0,0
U_003,P_042,2025-10-21 19:19:39,32,Tier-1,Electronics,Boat,18236.21,9.811219291402352,15.14,8.107272727272727,2.2090732951311,11.489675925925926,2.5249023771175927,15057.24,9.619680628654683,2.0,11,6,0.5454545454545454,1,0,1.2111256777470505,19,1,0
U_038,P_023,2025-10-21 19:52:26,56,Tier-3,FMCG,Nestle,471.11,6.157212009280883,23.28,7.892727272727272,2.1852337823128405,999.0,6.907755278982137,3263.75,8.090938469100516,0.0,11,3,0.2727272727272727,1,1,0.14434622749904252,19,1,0
U_042,P_050,2025-10-22 10:35:04,31,Tier-1,FMCG,HUL,184.92,5.225316473663546,2.96,7.83,2.178155014615869,999.0,6.907755278982137,3263.75,8.090938469100516,0.0,2,1,0.5,0,1,0.05665875143623132,10,2,0
U_039,P_035,2025-10-23 03:41:02,35,Tier-3,Electronics,Samsung,17092.29,9.746441267821824,4.11,10.388333333333334,2.432589439564632,999.0,6.907755278982137,3263.75,8.090938469100516,0.0,6,3,0.5,0,0,5.237009574875527,3,3,0
U_019,P_060,2025-10-25 10:35:37,41,Tier-1,Electronics,Xiaomi,15057.24,9.619680628654683,12.5,5.398571428571429,1.8560747511638953,0.0,0.0,4101.67,8.31939326025318,1.0,7,0,0.0,1,0,3.6710022990635522,10,5,0
U_040,P_047,2025-10-28 05:26:18,21,Tier-1,Fashion,UrbanWeave,3896.89,8.26819066006953,1.75,5.986,1.9439081463846402,0.0,0.0,10828.215,9.290002853526774,2.0,5,1,0.2,1,0,0.3598829539310034,5,1,1
U_007,P_056,2025-10-28 07:27:52,56,Tier-1,Electronics,Samsung,22463.09,10.019673313227768,3.93,10.143636363636363,2.410868605259215,0.0,0.0,12089.61,9.400184397257455,2.0,11,2,0.18181818181818182,0,0,1.8580491843822917,7,1,1
U_038,P_045,2025-10-28 12:20:02,56,Tier-3,FMCG,Nestle,916.07,6.821183805220893,4.52,7.892727272727272,2.1852337823128405,999.0,6.907755278982137,3263.75,8.090938469100516,0.0,11,3,0.2727272727272727,1,0,0.280680199157411,12,1,0
U_035,P_071,2025-10-28 21:17:11,24,Tier-1,Electronics,Xiaomi,10198.73,9.230116528333776,2.62,9.218333333333334,2.3241834925465414,0.0,0.0,10198.73,9.230116528333776,1.0,6,0,0.0,1,1,1.0,21,1,0
U_038,P_028,2025-10-31 00:32:29,56,Tier-3,FMCG,HUL,799.08,6.68471172266826,5.59,7.892727272727272,2.1852337823128405,999.0,6.907755278982137,3263.75,8.090938469100516,0.0,11,3,0.2727272727272727,1,1,0.24483492914592112,0,4,0
U_003,P_011,2025-10-31 02:48:39,32,Tier-1,Fashion,TrendCraft,4009.36,8.296636291832128,11.27,8.107272727272727,2.2090732951311,20.80148148148148,3.081977925352135,15057.24,9.619680628654683,2.0,11,6,0.5454545454545454,0,0,0.2662745629345086,2,4,0
U_038,P_014,2025-10-31 08:52:46,56,Tier-3,Electronics,JBL,20704.72,9.938165269584188,20.17,7.892727272727272,2.1852337823128405,999.0,6.907755278982137,3263.75,8.090938469100516,0.0,11,3,0.2727272727272727,0,0,6.343843738031406,8,4,0
U_030,P_046,2025-11-01 03:22:45,45,Tier-3,Fashion,TrendCraft,3098.53,8.039005766075613,5.14,4.918,1.7779985539780179,999.0,6.907755278982137,3263.75,8.090938469100516,0.0,10,1,0.1,0,0,0.9493772500957488,3,5,0
U_013,P_018,2025-11-01 06:18:25,53,Tier-3,FMCG,ITC,184.28,5.221868194384631,1.26,6.734999999999999,2.045755484025029,21.334791666666668,3.1061456270984644,298.67,5.702681869212168,1.0,6,0,0.0,1,1,0.6170020423879198,6,5,0
U_016,P_066,2025-11-01 19:49:53,20,Tier-3,Fashion,UrbanWeave,3081.89,8.033622747716699,12.87,11.512857142857143,2.5267566871196845,999.0,6.907755278982137,3263.75,8.090938469100516,0.0,7,2,0.2857142857142857,1,0,0.9442788203753351,19,5,0
U_044,P_035,2025-11-02 18:03:11,43,Tier-2,Electronics,Samsung,17092.29,9.746441267821824,5.69,5.3775,1.8527761710338295,999.0,6.907755278982137,3263.75,8.090938469100516,0.0,8,1,0.125,0,0,5.237009574875527,18,6,0
U_025,P_041,2025-11-03 02:37:34,29,Tier-3,Fashion,UrbanWeave,1397.08,7.242855145763071,3.88,4.764285714285714,1.7516812456606445,46.66847222222222,3.864270219662293,1449.0,7.27931883541462,1.0,7,2,0.2857142857142857,1,1,0.9641683919944789,2,0,0
U_005,P_066,2025-11-03 22:31:45,25,Tier-1,Fashion,UrbanWeave,3081.89,8.033622747716699,7.38,4.765,1.7518051537210222,0.0,0.0,2212.74,7.702438671864932,1.0,6,1,0.16666666666666666,1,0,1.3927935500781836,22,0,0
U_026,P_006,2025-11-04 14:07:54,39,Tier-2,FMCG,Patanjali,1129.14,7.030096797837492,2.45,5.838888888888889,1.922625275294243,0.0,0.0,7732.26,8.95328578618271,1.0,9,2,0.2222222222222222,0,0,0.14602975068091348,14,1,0
U_041,P_004,2025-11-05 21:38:18,42,Tier-2,Fashion,UrbanWeave,3263.75,8.090938469100516,13.93,9.09,2.3115448343655176,0.0,0.0,2694.94,7.899502216591669,1.0,11,2,0.18181818181818182,1,0,1.2110659235456076,21,2,0
U_027,P_025,2025-11-07 14:03:08,42,Tier-1,FMCG,Dove,1084.76,6.990035481595865,7.02,5.797499999999999,1.9165548975244886,0.0,0.0,1084.76,6.990035481595865,1.0,4,0,0.0,1,0,1.0,14,4,1
U_013,P_026,2025-11-08 18:14:51,53,Tier-3,FMCG,HUL,1073.54,6.979647942006703,1.68,6.734999999999999,2.045755484025029,28.832314814814815,3.39559219574437,298.67,5.702681869212168,1.0,6,0,0.0,1,0,3.5944018481936584,18,5,0
U_003,P_031,2025-11-09 08:22:21,32,Tier-1,Electronics,Sony,22616.02,10.026457999169999,4.23,8.107272727272727,2.2090732951311,30.033217592592592,3.4350581660459567,15057.24,9.619680628654683,2.0,11,6,0.5454545454545454,1,0,1.5020030231304011,8,6,0
U_017,P_004,2025-11-09 15:45:45,39,Tier-2,Fashion,UrbanWeave,3263.75,8.090938469100516,2.06,19.785,3.0342315727046008,0.0,0.0,2564.415,7.849875537890053,2.0,6,3,0.5,1,0,1.2727074206007998,15,6,0
U_005,P_074,2025-11-11 06:13:56,25,Tier-1,Fashion,UrbanWeave,2212.74,7.702438671864932,6.59,4.765,1.7518051537210222,0.0,0.0,2212.74,7.702438671864932,1.0,6,1,0.16666666666666666,1,1,1.0,6,1,1
U_026,P_052,2025-11-12 04:00:51,39,Tier-2,Electronics,Samsung,7732.26,8.95328578618271,16.58,5.838888888888889,1.922625275294243,0.0,0.0,7732.26,8.95328578618271,1.0,9,2,0.2222222222222222,1,1,1.0,4,2,1
U_009,P_031,2025-11-13 17:58:35,40,Tier-1,Electronics,Sony,22616.02,10.026457999169999,26.05,9.932857142857143,2.3917726717665166,0.0,0.0,10757.460000000001,9.283447700796168,2.0,7,2,0.2857142857142857,1,0,2.1023568760655396,17,3,0
U_032,P_010,2025-11-13 19:39:45,32,Tier-3,Electronics,Boat,23230.3,10.053255786316585,30.67,11.6725,2.5394342913643673,0.0,0.0,491.84,6.200184577756468,1.0,4,0,0.0,0,0,47.231416720884845,19,3,0
U_009,P_040,2025-11-13 20:52:31,40,Tier-1,FMCG,ITC,810.2,6.698514632836919,2.77,9.932857142857143,2.3917726717665166,0.0,0.0,10757.460000000001,9.283447700796168,2.0,7,2,0.2857142857142857,0,0,0.07531517663091473,20,3,1
U_028,P_054,2025-11-13 22:44:56,44,Tier-2,Electronics,Boat,24365.75,10.100974777036551,6.52,6.994285714285715,2.078727000741967,999.0,6.907755278982137,3263.75,8.090938469100516,0.0,7,2,0.2857142857142857,0,0,7.465568747606281,22,3,0
U_038,P_050,2025-11-14 09:44:56,56,Tier-3,FMCG,HUL,184.92,5.225316473663546,5.52,7.892727272727272,2.1852337823128405,999.0,6.907755278982137,3263.75,8.090938469100516,0.0,11,3,0.2727272727272727,1,1,0.05665875143623132,9,4,0
U_020,P_060,2025-11-14 12:04:45,47,Tier-1,Electronics,Xiaomi,15057.24,9.619680628654683,17.89,18.755714285714284,2.9834427804212535,0.0,0.0,13074.17,9.478470290760646,1.0,7,4,0.5714285714285714,1,0,1.1516784621891867,12,4,0
U_040,P_057,2025-11-15 00:06:00,21,Tier-1,Fashion,UrbanWeave,3024.55,8.014848172119837,2.26,5.986,1.9439081463846402,0.0,0.0,10828.215,9.290002853526774,2.0,5,1,0.2,1,0,0.27932119929277355,0,5,0
U_028,P_043,2025-11-15 12:16:03,44,Tier-2,Fashion,StyleHub,1449.0,7.27931883541462,14.2,6.994285714285715,2.078727000741967,999.0,6.907755278982137,3263.75,8.090938469100516,0.0,7,2,0.2857142857142857,1,1,0.44396782841823057,12,5,0
U_023,P_049,2025-11-16 12:30:01,38,Tier-2,Electronics,Sony,14855.25,9.606175931108504,18.58,15.719999999999999,2.8166056076565553,0.0,0.0,17759.54,9.78473442148933,1.0,5,1,0.2,0,0,0.8364659219777089,12,6,0
U_038,P_062,2025-11-17 08:01:31,56,Tier-3,FMCG,Dove,298.67,5.702681869212168,3.09,7.892727272727272,2.1852337823128405,999.0,6.907755278982137,3263.75,8.090938469100516,0.0,11,3,0.2727272727272727,1,1,0.09151129835312141,8,0,0
U_007,P_048,2025-11-17 12:09:12,56,Tier-1,FMCG,Dove,816.53,6.706287599345787,15.34,10.143636363636363,2.410868605259215,0.0,0.0,12089.61,9.400184397257455,2.0,11,2,0.18181818181818182,1,0,0.06753981311225092,12,0,0
U_005,P_020,2025-11-19 01:39:52,25,Tier-1,Fashion,ModaLeaf,4101.67,8.31939326025318,6.89,4.765,1.7518051537210222,7.14300925925926,2.097159799566413,2212.74,7.702438671864932,1.0,6,1,0.16666666666666666,1,0,1.8536610717933424,1,2,0
U_040,P_039,2025-11-19 07:50:01,21,Tier-1,Electronics,Sony,17759.54,9.78473442148933,20.84,5.986,1.9439081463846402,0.0,0.0,10828.215,9.290002853526774,2.0,5,1,0.2,0,0,1.6401170460689967,7,2,1
U_017,P_066,2025-11-21 14:03:18,39,Tier-2,Fashion,UrbanWeave,3081.89,8.033622747716699,44.0,19.785,3.0342315727046008,0.0,0.0,2564.415,7.849875537890053,2.0,6,3,0.5,1,0,1.2017906618078587,14,4,1
U_036,P_061,2025-11-21 15:02:40,38,Tier-3,Electronics,Sony,13074.17,9.478470290760646,6.57,8.433333333333334,2.2442495159810822,0.0,0.0,20349.65,9.920868131392579,2.0,9,3,0.3333333333333333,1,0,0.6424764062281169,15,4,0
U_005,P_026,2025-11-21 19:12:38,25,Tier-1,FMCG,HUL,1073.54,6.979647942006703,1.01,4.765,1.7518051537210222,9.874097222222222,2.3863835594803597,2212.74,7.702438671864932,1.0,6,1,0.16666666666666666,0,0,0.48516319133743685,19,4,0
U_043,P_045,2025-11-22 18:44:31,26,Tier-3,FMCG,Nestle,916.07,6.821183805220893,2.8,8.706,2.2727442509830245,0.0,0.0,703.955,6.558133970987827,2.0,10,4,0.4,1,0,1.3013189763550226,18,5,1
U_043,P_057,2025-11-22 23:50:29,26,Tier-3,Fashion,UrbanWeave,3024.55,8.014848172119837,7.72,8.706,2.2727442509830245,0.0,0.0,703.955,6.558133970987827,2.0,10,4,0.4,0,0,4.296510430354213,23,5,0
U_021,P_024,2025-11-23 00:16:09,55,Tier-1,Fashion,StyleHub,3403.82,8.132947353750168,3.82,10.633333333333333,2.4538745405402715,999.0,6.907755278982137,3263.75,8.090938469100516,0.0,3,0,0.0,1,0,1.042916890080429,0,6,0
U_036,P_031,2025-11-24 13:07:09,38,Tier-3,Electronics,Sony,22616.02,10.026457999169999,3.12,8.433333333333334,2.2442495159810822,0.0,0.0,20349.65,9.920868131392579,2.0,9,3,0.3333333333333333,1,0,1.1113714486489938,13,0,0
U_035,P_071,2025-11-26 09:13:57,24,Tier-1,Electronics,Xiaomi,10198.73,9.230116528333776,9.82,9.218333333333334,2.3241834925465414,0.0,0.0,10198.73,9.230116528333776,1.0,6,0,0.0,1,1,1.0,9,2,1
U_041,P_002,2025-11-26 13:47:53,42,Tier-2,Fashion,StyleHub,3080.69,8.033233426784808,3.94,9.09,2.3115448343655176,0.0,0.0,2694.94,7.899502216591669,1.0,11,2,0.18181818181818182,1,0,1.143138622752269,13,2,0
U_025,P_037,2025-11-27 05:48:09,29,Tier-3,Fashion,TrendCraft,1143.23,7.04248720068316,2.17,4.764285714285714,1.7516812456606445,70.80082175925926,4.2738959211037155,1449.0,7.27931883541462,1.0,7,2,0.2857142857142857,1,1,0.7889786059351277,5,3,0
U_014,P_011,2025-11-28 09:20:37,57,Tier-3,Fashion,TrendCraft,4009.36,8.296636291832128,4.82,6.92,2.0693912058263346,0.0,0.0,4009.36,8.296636291832128,1.0,7,3,0.42857142857142855,1,0,1.0,9,4,1
U_011,P_017,2025-12-01 05:08:02,28,Tier-2,Electronics,Samsung,7183.53,8.879685382316469,17.23,8.837,2.2861507865306208,67.9072337962963,4.232761162295165,1449.0,7.27931883541462,1.0,10,2,0.2,1,1,4.957577639751553,5,0,0
U_007,P_033,2025-12-01 08:15:33,56,Tier-1,Electronics,Boat,1716.13,7.448409571485055,4.2,10.143636363636363,2.410868605259215,0.0,0.0,12089.61,9.400184397257455,2.0,11,2,0.18181818181818182,0,1,0.1419508156177081,8,0,1
U_009,P_014,2025-12-01 19:12:59,40,Tier-1,Electronics,JBL,20704.72,9.938165269584188,3.24,9.932857142857143,2.3917726717665166,0.0,0.0,10757.460000000001,9.283447700796168,2.0,7,2,0.2857142857142857,1,0,1.9246848233690852,19,0,1
U_003,P_026,2025-12-01 22:33:06,32,Tier-1,FMCG,HUL,1073.54,6.979647942006703,1.66,8.107272727272727,2.2090732951311,52.624016203703704,3.9819970312282145,15057.24,9.619680628654683,2.0,11,6,0.5454545454545454,0,0,0.07129726297781001,22,0,0
U_037,P_075,2025-12-02 16:42:51,26,Tier-3,Fashion,ModaLeaf,4366.62,8.381973517303344,4.86,4.86,1.7681496035889213,0.0,0.0,4366.62,8.381973517303344,1.0,1,1,1.0,1,0,1.0,16,1,1
U_044,P_043,2025-12-04 18:05:59,43,Tier-2,Fashion,StyleHub,1449.0,7.27931883541462,7.19,5.3775,1.8527761710338295,999.0,6.907755278982137,3263.75,8.090938469100516,0.0,8,1,0.125,1,1,0.44396782841823057,18,3,0
U_002,P_063,2025-12-04 20:53:44,46,Tier-2,FMCG,Patanjali,889.15,6.791389987850872,1.05,4.075,1.6243265249278511,999.0,6.907755278982137,3263.75,8.090938469100516,0.0,4,0,0.0,0,0,0.272432018383761,20,3,0
U_036,P_007,2025-12-05 02:05:52,38,Tier-3,FMCG,ITC,234.02,5.459670616905795,1.49,8.433333333333334,2.2442495159810822,0.0,0.0,20349.65,9.920868131392579,2.0,9,3,0.3333333333333333,0,1,0.011499952087628043,2,4,0
U_041,P_073,2025-12-05 14:53:36,42,Tier-2,Electronics,Samsung,23315.49,10.056916114556213,7.47,9.09,2.3115448343655176,0.0,0.0,2694.94,7.899502216591669,1.0,11,2,0.18181818181818182,0,0,8.651580369136234,14,4,0
U_036,P_042,2025-12-06 09:05:10,38,Tier-3,Electronics,Boat,18236.21,9.811219291402352,5.63,8.433333333333334,2.2442495159810822,0.0,0.0,20349.65,9.920868131392579,2.0,9,3,0.3333333333333333,1,0,0.8961436683186196,9,5,1
U_023,P_039,2025-12-06 13:38:42,38,Tier-2,Electronics,Sony,17759.54,9.78473442148933,3.34,15.719999999999999,2.8166056076565553,0.0,0.0,17759.54,9.78473442148933,1.0,5,1,0.2,0,0,1.0,13,5,1
U_026,P_004,2025-12-06 21:47:08,39,Tier-2,Fashion,UrbanWeave,3263.75,8.090938469100516,1.74,5.838888888888889,1.922625275294243,21.782141203703702,3.1259769484965996,7732.26,8.95328578618271,1.0,9,2,0.2222222222222222,0,0,0.4220952218368239,21,5,0
U_030,P_019,2025-12-07 00:21:53,45,Tier-3,FMCG,ITC,1084.88,6.990145997151043,0.9,4.918,1.7779985539780179,999.0,6.907755278982137,3263.75,8.090938469100516,0.0,10,1,0.1,1,0,0.3324029107621601,0,6,0
U_019,P_029,2025-12-07 12:37:10,41,Tier-1,Fashion,ModaLeaf,836.56,6.730492902924116,3.48,5.398571428571429,1.8560747511638953,0.0,0.0,4101.67,8.31939326025318,1.0,7,0,0.0,0,1,0.20395594964977679,12,6,0
U_014,P_020,2025-12-08 22:11:09,57,Tier-3,Fashion,ModaLeaf,4101.67,8.31939326025318,3.47,6.92,2.0693912058263346,10.076759259259259,2.404849152910454,4009.36,8.296636291832128,1.0,7,3,0.42857142857142855,1,0,1.0230236247181594,22,0,0
U_015,P_049,2025-12-11 06:30:44,41,Tier-3,Electronics,Sony,14855.25,9.606175931108504,13.64,11.99,2.5641798306825083,999.0,6.907755278982137,3263.75,8.090938469100516,0.0,3,0,0.0,1,0,4.551589429337419,6,3,0
U_026,P_033,2025-12-11 10:42:07,39,Tier-2,Electronics,Boat,1716.13,7.448409571485055,17.98,5.838888888888889,1.922625275294243,26.320324074074072,3.3076308967872152,7732.26,8.95328578618271,1.0,9,2,0.2222222222222222,1,1,0.22194416638861084,10,3,0
U_020,P_069,2025-12-11 17:36:00,47,Tier-1,Fashion,StyleHub,4315.71,8.370248817019226,20.32,18.755714285714284,2.9834427804212535,0.0,0.0,13074.17,9.478470290760646,1.0,7,4,0.5714285714285714,0,0,0.33009437692794263,17,3,0
U_040,P_005,2025-12-12 12:30:29,21,Tier-1,Fashion,ModaLeaf,2046.94,7.624589688855236,2.46,5.986,1.9439081463846402,19.69476851851852,3.029880939756091,10828.215,9.290002853526774,2.0,5,1,0.2,1,1,0.1890376206974095,12,4,0
U_044,P_005,2025-12-12 17:00:03,43,Tier-2,Fashion,ModaLeaf,2046.94,7.624589688855236,6.8,5.3775,1.8527761710338295,999.0,6.907755278982137,3263.75,8.090938469100516,0.0,8,1,0.125,1,1,0.6271742627345844,17,4,0
U_009,P_031,2025-12-12 23:50:49,40,Tier-1,Electronics,Sony,22616.02,10.026457999169999,8.67,9.932857142857143,2.3917726717665166,10.817939814814816,2.469618700239574,10757.460000000001,9.283447700796168,2.0,7,2,0.2857142857142857,1,0,2.1023568760655396,23,4,0
U_016,P_043,2025-12-12 23:52:17,20,Tier-3,Fashion,StyleHub,1449.0,7.27931883541462,17.8,11.512857142857143,2.5267566871196845,999.0,6.907755278982137,3263.75,8.090938469100516,0.0,7,2,0.2857142857142857,1,1,0.44396782841823057,23,4,0
U_023,P_001,2025-12-13 02:19:33,38,Tier-2,Electronics,Samsung,6822.65,8.828149798289923,40.02,15.719999999999999,2.8166056076565553,3.2783680555555557,1.453571641451174,17759.54,9.78473442148933,1.0,5,1,0.2,0,1,0.3841681710224476,2,5,0
U_012,P_017,2025-12-13 03:42:24,41,Tier-1,Electronics,Samsung,7183.53,8.879685382316469,18.4,8.426666666666668,2.2435425523602626,0.0,0.0,1670.855,7.421689067395996,2.0,6,2,0.3333333333333333,0,1,4.299313824359385,3,5,0
U_043,P_001,2025-12-13 14:48:34,26,Tier-3,Electronics,Samsung,6822.65,8.828149798289923,10.43,8.706,2.2727442509830245,0.0,0.0,703.955,6.558133970987827,2.0,10,4,0.4,0,1,9.691883714157864,14,5,0
U_002,P_023,2025-12-15 18:28:09,46,Tier-2,FMCG,Nestle,471.11,6.157212009280883,0.94,4.075,1.6243265249278511,999.0,6.907755278982137,3263.75,8.090938469100516,0.0,4,0,0.0,0,1,0.14434622749904252,18,0,0
U_015,P_016,2025-12-17 10:50:47,41,Tier-3,Electronics,Boat,13946.79,9.543076351760204,17.29,11.99,2.5641798306825083,999.0,6.907755278982137,3263.75,8.090938469100516,0.0,3,0,0.0,1,0,4.27324090386825,10,2,0
U_007,P_064,2025-12-18 04:13:44,56,Tier-1,FMCG,ITC,394.47,5.980074930980508,2.68,10.143636363636363,2.410868605259215,13.873738425925925,2.699597136132519,12089.61,9.400184397257455,2.0,11,2,0.18181818181818182,1,1,0.03262884410663371,4,3,0
U_003,P_035,2025-12-18 04:46:07,32,Tier-1,Electronics,Samsung,17092.29,9.746441267821824,4.36,8.107272727272727,2.2090732951311,68.88305555555556,4.246823210061996,15057.24,9.619680628654683,2.0,11,6,0.5454545454545454,1,0,1.1351542513767463,4,3,0
U_012,P_018,2025-12-18 09:38:00,41,Tier-1,FMCG,ITC,184.28,5.221868194384631,3.75,8.426666666666668,2.2435425523602626,0.0,0.0,1670.855,7.421689067395996,2.0,6,2,0.3333333333333333,1,1,0.1102908391212882,9,3,0
U_029,P_070,2025-12-19 10:09:31,59,Tier-1,Fashion,TrendCraft,4159.46,8.333380924065208,4.22,3.675,1.5422291627406504,999.0,6.907755278982137,3263.75,8.090938469100516,0.0,2,0,0.0,0,0,1.2744419762543087,10,4,0
U_004,P_032,2025-12-20 05:04:51,60,Tier-2,Fashion,TrendCraft,2925.72,7.981637621029636,12.79,13.995,2.7077168122009723,0.0,0.0,2594.726666666667,7.861621782090544,3.0,4,1,0.25,1,1,1.1275638538677162,5,5,1
U_017,P_070,2025-12-20 16:16:30,39,Tier-2,Fashion,TrendCraft,4159.46,8.333380924065208,17.4,19.785,3.0342315727046008,0.0,0.0,2564.415,7.849875537890053,2.0,6,3,0.5,1,0,1.621991760304007,16,5,0
U_001,P_028,2025-12-20 18:42:55,56,Tier-3,FMCG,HUL,799.08,6.68471172266826,8.01,13.024999999999999,2.6408414514087597,999.0,6.907755278982137,3263.75,8.090938469100516,0.0,4,2,0.5,0,1,0.24483492914592112,18,5,0
U_026,P_022,2025-12-21 10:13:46,39,Tier-2,Electronics,Xiaomi,9467.2,9.155694094196154,7.88,5.838888888888889,1.922625275294243,36.300636574074076,3.6190103928332054,7732.26,8.95328578618271,1.0,9,2,0.2222222222222222,1,1,1.2243768316119739,10,6,0
U_016,P_010,2025-12-24 19:42:22,20,Tier-3,Electronics,Boat,23230.3,10.053255786316585,33.88,11.512857142857143,2.5267566871196845,999.0,6.907755278982137,3263.75,8.090938469100516,0.0,7,2,0.2857142857142857,0,0,7.117671390271926,19,2,0
U_020,P_040,2025-12-25 05:31:02,47,Tier-1,FMCG,ITC,810.2,6.698514632836919,2.83,18.755714285714284,2.9834427804212535,0.0,0.0,13074.17,9.478470290760646,1.0,7,4,0.5714285714285714,0,0,0.06196951699419543,5,3,0
U_016,P_004,2025-12-26 06:24:43,20,Tier-3,Fashion,UrbanWeave,3263.75,8.090938469100516,2.18,11.512857142857143,2.5267566871196845,999.0,6.907755278982137,3263.75,8.090938469100516,0.0,7,2,0.2857142857142857,1,0,1.0,6,4,0
U_020,P_035,2025-12-26 12:10:31,47,Tier-1,Electronics,Samsung,17092.29,9.746441267821824,28.07,18.755714285714284,2.9834427804212535,0.0,0.0,13074.17,9.478470290760646,1.0,7,4,0.5714285714285714,1,0,1.3073327025730888,12,4,0
U_034,P_011,2025-12-26 15:12:23,54,Tier-1,Fashion,TrendCraft,4009.36,8.296636291832128,6.96,6.136,1.9651523952777084,111.58659722222222,4.723722678622932,7183.53,8.879685382316469,1.0,5,1,0.2,0,0,0.5581322831532687,15,4,0
U_044,P_074,2025-12-26 21:03:22,43,Tier-2,Fashion,UrbanWeave,2212.74,7.702438671864932,8.38,5.3775,1.8527761710338295,999.0,6.907755278982137,3263.75,8.090938469100516,0.0,8,1,0.125,1,1,0.6779747223286097,21,4,0
U_026,P_058,2025-12-27 11:39:50,39,Tier-2,FMCG,Patanjali,970.19,6.8785221237118614,0.87,5.838888888888889,1.922625275294243,42.36040509259259,3.7695466996290916,7732.26,8.95328578618271,1.0,9,2,0.2222222222222222,0,0,0.12547301823787613,11,5,0
U_045,P_047,2025-12-28 00:19:11,19,Tier-1,Fashion,UrbanWeave,3896.89,8.26819066006953,1.57,8.37375,2.237913229633462,0.0,0.0,12813.736666666666,9.458351089751043,3.0,8,4,0.5,0,0,0.30411815861155256,0,6,0
U_041,P_036,2025-12-28 12:35:06,42,Tier-2,Fashion,StyleHub,520.25,6.256229773113011,12.76,9.09,2.3115448343655176,0.0,0.0,2694.94,7.899502216591669,1.0,11,2,0.18181818181818182,1,1,0.1930469695058146,12,6,0
U_022,P_063,2025-12-29 17:10:33,19,Tier-1,FMCG,Patanjali,889.15,6.791389987850872,3.64,8.046666666666667,2.2023963657386134,101.05428240740741,4.625504852191247,2925.72,7.981637621029636,1.0,3,2,0.6666666666666666,0,0,0.3039080978357464,17,0,0
U_020,P_061,2025-12-30 02:44:31,47,Tier-1,Electronics,Sony,13074.17,9.478470290760646,37.47,18.755714285714284,2.9834427804212535,0.0,0.0,13074.17,9.478470290760646,1.0,7,4,0.5714285714285714,1,0,1.0,2,1,1
U_033,P_021,2025-12-30 13:19:08,20,Tier-3,Fashion,UrbanWeave,3032.41,8.017442678242706,6.89,14.870000000000001,2.7644305345383176,0.0,0.0,5107.969999999999,8.538753097322953,2.0,4,1,0.25,0,0,0.5936624529901312,13,1,1
U_012,P_030,2025-12-31 19:00:31,41,Tier-1,FMCG,Patanjali,261.02,5.568420836725524,1.13,8.426666666666668,2.2435425523602626,0.0,0.0,1670.855,7.421689067395996,2.0,6,2,0.3333333333333333,1,1,0.15621942059604213,19,2,1
U_019,P_039,2025-12-31 19:41:04,41,Tier-1,Electronics,Sony,17759.54,9.78473442148933,4.88,5.398571428571429,1.8560747511638953,0.0,0.0,4101.67,8.31939326025318,1.0,7,0,0.0,1,0,4.329831507654199,19,2,0
U_018,P_047,2025-12-31 21:54:21,19,Tier-3,Fashion,UrbanWeave,3896.89,8.26819066006953,2.26,5.172499999999999,1.8201039422371974,999.0,6.907755278982137,3263.75,8.090938469100516,0.0,4,1,0.25,1,0,1.1939915741095366,21,2,0
U_035,P_017,2026-01-01 00:24:21,24,Tier-1,Electronics,Samsung,7183.53,8.879685382316469,6.25,9.218333333333334,2.3241834925465414,34.79888888888889,3.577916856301793,10198.73,9.230116528333776,1.0,6,0,0.0,1,1,0.7043553462048706,0,3,0
U_011,P_003,2026-01-01 18:59:06,28,Tier-2,Electronics,Samsung,5597.61,8.630273631627261,4.34,8.837,2.2861507865306208,99.48436342592592,4.61000212759236,1449.0,7.27931883541462,1.0,10,2,0.2,1,1,3.863084886128364,18,3,0
U_019,P_074,2026-01-01 20:46:50,41,Tier-1,Fashion,UrbanWeave,2212.74,7.702438671864932,2.5,5.398571428571429,1.8560747511638953,0.0,0.0,4101.67,8.31939326025318,1.0,7,0,0.0,0,1,0.5394729463852528,20,3,0
U_034,P_017,2026-01-04 03:34:49,54,Tier-1,Electronics,Samsung,7183.53,8.879685382316469,7.67,6.136,1.9651523952777084,120.10217592592592,4.796634618406921,7183.53,8.879685382316469,1.0,5,1,0.2,1,1,1.0,3,6,0
U_017,P_032,2026-01-05 16:14:42,39,Tier-2,Fashion,TrendCraft,2925.72,7.981637621029636,45.0,19.785,3.0342315727046008,0.0,0.0,2564.415,7.849875537890053,2.0,6,3,0.5,1,1,1.1408917823363223,16,0,0
U_038,P_065,2026-01-06 11:37:23,56,Tier-3,FMCG,Dove,107.23,4.684258592307055,1.18,7.892727272727272,2.1852337823128405,999.0,6.907755278982137,3263.75,8.090938469100516,0.0,11,3,0.2727272727272727,1,1,0.03285484488701647,11,1,0
U_045,P_042,2026-01-07 05:41:14,19,Tier-1,Electronics,Boat,18236.21,9.811219291402352,2.02,8.37375,2.237913229633462,0.0,0.0,12813.736666666666,9.458351089751043,3.0,8,4,0.5,1,0,1.4231765857526337,5,2,0
U_020,P_053,2026-01-07 14:32:25,47,Tier-1,Electronics,Xiaomi,7233.76,8.886652466435212,18.96,18.755714285714284,2.9834427804212535,6.9082638888888885,2.0679082746161623,13074.17,9.478470290760646,1.0,7,4,0.5714285714285714,1,1,0.5532863654059875,14,2,0
U_013,P_012,2026-01-08 00:11:34,53,Tier-3,FMCG,Dove,368.89,5.913205664139371,10.16,6.734999999999999,2.045755484025029,89.08003472222222,4.500698549851144,298.67,5.702681869212168,1.0,6,0,0.0,1,1,1.23510898315867,0,3,0
U_014,P_001,2026-01-08 12:58:20,57,Tier-3,Electronics,Samsung,6822.65,8.828149798289923,13.99,6.92,2.0693912058263346,40.6928587962963,3.730329862252098,4009.36,8.296636291832128,1.0,7,3,0.42857142857142855,0,1,1.7016805674721152,12,3,0
U_011,P_046,2026-01-09 04:10:51,28,Tier-2,Fashion,TrendCraft,3098.53,8.039005766075613,6.61,8.837,2.2861507865306208,106.86752314814815,4.680903836671491,1449.0,7.27931883541462,1.0,10,2,0.2,0,0,2.138391994478951,4,4,0
U_045,P_049,2026-01-10 18:31:46,19,Tier-1,Electronics,Sony,14855.25,9.606175931108504,4.85,8.37375,2.237913229633462,0.0,0.0,12813.736666666666,9.458351089751043,3.0,8,4,0.5,1,0,1.1593222481810537,18,5,0
U_024,P_070,2026-01-12 03:52:33,50,Tier-1,Fashion,TrendCraft,4159.46,8.333380924065208,4.57,8.530000000000001,2.254444717666111,0.0,0.0,13311.275,9.4964418209005,2.0,2,0,0.0,1,0,0.3124764532323162,3,0,1
U_018,P_070,2026-01-13 06:02:14,19,Tier-3,Fashion,TrendCraft,4159.46,8.333380924065208,1.63,5.172499999999999,1.8201039422371974,999.0,6.907755278982137,3263.75,8.090938469100516,0.0,4,1,0.25,1,0,1.2744419762543087,6,1,0
U_025,P_002,2026-01-14 12:59:53,29,Tier-3,Fashion,StyleHub,3080.69,8.033233426784808,1.98,4.764285714285714,1.7516812456606445,119.10063657407407,4.788330029438869,1449.0,7.27931883541462,1.0,7,2,0.2857142857142857,1,0,2.12608005521049,12,2,0
U_043,P_044,2026-01-14 19:03:09,26,Tier-3,Electronics,Boat,9146.89,9.121278530584151,10.14,8.706,2.2727442509830245,0.0,0.0,703.955,6.558133970987827,2.0,10,4,0.4,0,1,12.9935720323032,19,2,0
U_045,P_055,2026-01-15 08:55:08,19,Tier-1,Electronics,Xiaomi,10737.8,9.281618629976812,42.37,8.37375,2.237913229633462,0.0,0.0,12813.736666666666,9.458351089751043,3.0,8,4,0.5,1,1,0.8379913119280065,8,3,1
U_044,P_054,2026-01-16 08:31:25,43,Tier-2,Electronics,Boat,24365.75,10.100974777036551,7.5,5.3775,1.8527761710338295,999.0,6.907755278982137,3263.75,8.090938469100516,0.0,8,1,0.125,0,0,7.465568747606281,8,4,0
U_011,P_047,2026-01-16 14:17:33,28,Tier-2,Fashion,UrbanWeave,3896.89,8.26819066006953,3.93,8.837,2.2861507865306208,114.28884259259259,4.747440654098214,1449.0,7.27931883541462,1.0,10,2,0.2,0,0,2.6893650793650794,14,4,0
U_027,P_062,2026-01-17 23:01:25,42,Tier-1,FMCG,Dove,298.67,5.702681869212168,3.24,5.797499999999999,1.9165548975244886,69.04047453703704,4.2490732826236695,1084.76,6.990035481595865,1.0,4,0,0.0,1,1,0.27533279250709836,23,5,0
U_002,P_003,2026-01-20 10:47:24,46,Tier-2,Electronics,Samsung,5597.61,8.630273631627261,5.66,4.075,1.6243265249278511,999.0,6.907755278982137,3263.75,8.090938469100516,0.0,4,0,0.0,1,1,1.7150854078896973,10,1,0
U_007,P_015,2026-01-20 14:47:54,56,Tier-1,FMCG,HUL,701.82,6.555100813506211,2.76,10.143636363636363,2.410868605259215,47.31413194444445,3.8777241047048445,12089.61,9.400184397257455,2.0,11,2,0.18181818181818182,1,1,0.0580515004206091,14,1,0
U_035,P_039,2026-01-22 09:20:32,24,Tier-1,Electronics,Sony,17759.54,9.78473442148933,17.69,9.218333333333334,2.3241834925465414,56.17123842592593,4.046050947205434,10198.73,9.230116528333776,1.0,6,0,0.0,1,0,1.7413481874704009,9,3,0
U_030,P_030,2026-01-22 12:14:31,45,Tier-3,FMCG,Patanjali,261.02,5.568420836725524,1.1,4.918,1.7779985539780179,999.0,6.907755278982137,3263.75,8.090938469100516,0.0,10,1,0.1,1,1,0.07997548831865185,12,3,0
U_028,P_059,2026-01-26 04:17:07,44,Tier-2,Fashion,TrendCraft,2510.55,7.828655371413192,2.46,6.994285714285715,2.078727000741967,999.0,6.907755278982137,3263.75,8.090938469100516,0.0,7,2,0.2857142857142857,1,1,0.7692225201072387,4,0,0
U_041,P_075,2026-01-26 05:53:24,42,Tier-2,Fashion,ModaLeaf,4366.62,8.381973517303344,5.57,9.09,2.3115448343655176,0.0,0.0,2694.94,7.899502216591669,1.0,11,2,0.18181818181818182,1,0,1.6203032349514275,5,0,0
U_041,P_036,2026-01-27 13:32:50,42,Tier-2,Fashion,StyleHub,520.25,6.256229773113011,5.89,9.09,2.3115448343655176,0.0,0.0,2694.94,7.899502216591669,1.0,11,2,0.18181818181818182,1,1,0.1930469695058146,13,1,0
U_021,P_004,2026-01-28 02:56:19,55,Tier-1,Fashion,UrbanWeave,3263.75,8.090938469100516,11.28,10.633333333333333,2.4538745405402715,999.0,6.907755278982137,3263.75,8.090938469100516,0.0,3,0,0.0,1,0,1.0,2,2,0
U_044,P_065,2026-01-28 14:16:53,43,Tier-2,FMCG,Dove,107.23,4.684258592307055,2.43,5.3775,1.8527761710338295,999.0,6.907755278982137,3263.75,8.090938469100516,0.0,8,1,0.125,0,1,0.03285484488701647,14,2,0
U_014,P_043,2026-01-30 14:59:40,57,Tier-3,Fashion,StyleHub,1449.0,7.27931883541462,11.23,6.92,2.0693912058263346,62.777118055555555,4.155394474853192,4009.36,8.296636291832128,1.0,7,3,0.42857142857142855,1,1,0.3614043139054612,14,4,0
U_031,P_002,2026-02-01 16:59:29,33,Tier-1,Fashion,StyleHub,3080.69,8.033233426784808,3.74,5.15,1.8164520818184267,999.0,6.907755278982137,3263.75,8.090938469100516,0.0,5,0,0.0,1,0,0.943911145155113,16,6,0
U_028,P_024,2026-02-02 17:58:19,44,Tier-2,Fashion,StyleHub,3403.82,8.132947353750168,3.71,6.994285714285715,2.078727000741967,999.0,6.907755278982137,3263.75,8.090938469100516,0.0,7,2,0.2857142857142857,1,0,1.042916890080429,17,0,0
U_028,P_004,2026-02-03 05:02:04,44,Tier-2,Fashion,UrbanWeave,3263.75,8.090938469100516,4.36,6.994285714285715,2.078727000741967,999.0,6.907755278982137,3263.75,8.090938469100516,0.0,7,2,0.2857142857142857,1,0,1.0,5,1,0
U_008,P_038,2026-02-03 05:16:21,36,Tier-2,Fashion,UrbanWeave,2694.94,7.899502216591669,17.37,9.77,2.3767644911682972,999.0,6.907755278982137,3263.75,8.090938469100516,0.0,2,0,0.0,1,1,0.8257188816545386,5,1,0
U_007,P_007,2026-02-03 17:57:59,56,Tier-1,FMCG,ITC,234.02,5.459670616905795,4.47,10.143636363636363,2.410868605259215,61.44613425925926,4.134304333282667,12089.61,9.400184397257455,2.0,11,2,0.18181818181818182,1,1,0.01935711739253789,17,1,0
U_019,P_030,2026-02-04 06:38:36,41,Tier-1,FMCG,Patanjali,261.02,5.568420836725524,0.64,5.398571428571429,1.8560747511638953,0.0,0.0,4101.67,8.31939326025318,1.0,7,0,0.0,0,1,0.06363749399634783,6,2,0
U_004,P_020,2026-02-04 08:42:08,60,Tier-2,Fashion,ModaLeaf,4101.67,8.31939326025318,13.61,13.995,2.7077168122009723,43.06755787037037,3.785723862532199,2594.726666666667,7.861621782090544,3.0,4,1,0.25,1,0,1.580771513505597,8,2,0
U_013,P_042,2026-02-04 19:27:39,53,Tier-3,Electronics,Boat,18236.21,9.811219291402352,12.74,6.734999999999999,2.045755484025029,116.88287037037037,4.769691507508315,298.67,5.702681869212168,1.0,6,0,0.0,0,0,61.05805738775236,19,2,0
U_039,P_014,2026-02-05 16:53:41,35,Tier-3,Electronics,JBL,20704.72,9.938165269584188,7.58,10.388333333333334,2.432589439564632,999.0,6.907755278982137,3263.75,8.090938469100516,0.0,6,3,0.5,0,0,6.343843738031406,16,3,0
U_041,P_062,2026-02-05 19:42:42,42,Tier-2,FMCG,Dove,298.67,5.702681869212168,1.15,9.09,2.3115448343655176,0.0,0.0,2694.94,7.899502216591669,1.0,11,2,0.18181818181818182,0,1,0.11082621505488063,19,3,0
U_014,P_020,2026-02-05 20:03:12,57,Tier-3,Fashion,ModaLeaf,4101.67,8.31939326025318,3.03,6.92,2.0693912058263346,68.9879050925926,4.248322442728882,4009.36,8.296636291832128,1.0,7,3,0.42857142857142855,1,0,1.0230236247181594,20,3,0
U_030,P_059,2026-02-06 02:04:25,45,Tier-3,Fashion,TrendCraft,2510.55,7.828655371413192,14.83,4.918,1.7779985539780179,999.0,6.907755278982137,3263.75,8.090938469100516,0.0,10,1,0.1,0,1,0.7692225201072387,2,4,0
U_045,P_056,2026-02-06 14:29:52,19,Tier-1,Electronics,Samsung,22463.09,10.019673313227768,2.48,8.37375,2.237913229633462,0.0,0.0,12813.736666666666,9.458351089751043,3.0,8,4,0.5,1,0,1.7530475757656954,14,4,0
U_030,P_025,2026-02-07 15:45:03,45,Tier-3,FMCG,Dove,1084.76,6.990035481595865,3.28,4.918,1.7779985539780179,999.0,6.907755278982137,3263.75,8.090938469100516,0.0,10,1,0.1,1,0,0.33236614324013786,15,5,0
U_026,P_006,2026-02-07 21:26:41,39,Tier-2,FMCG,Patanjali,1129.14,7.030096797837492,1.22,5.838888888888889,1.922625275294243,84.76793981481481,4.451645274832943,7732.26,8.95328578618271,1.0,9,2,0.2222222222222222,0,0,0.14602975068091348,21,5,0
U_031,P_004,2026-02-08 02:51:44,33,Tier-1,Fashion,UrbanWeave,3263.75,8.090938469100516,7.33,5.15,1.8164520818184267,999.0,6.907755278982137,3263.75,8.090938469100516,0.0,5,0,0.0,1,0,1.0,2,6,0
U_033,P_003,2026-02-08 22:52:12,20,Tier-3,Electronics,Samsung,5597.61,8.630273631627261,20.24,14.870000000000001,2.7644305345383176,38.897962962962964,3.686325269032715,5107.969999999999,8.538753097322953,2.0,4,1,0.25,1,1,1.095858041452867,22,6,0
U_019,P_003,2026-02-10 19:27:33,41,Tier-1,Electronics,Samsung,5597.61,8.630273631627261,4.95,5.398571428571429,1.8560747511638953,0.0,0.0,4101.67,8.31939326025318,1.0,7,0,0.0,1,1,1.364714860044811,19,1,0
U_017,P_005,2026-02-11 06:50:37,39,Tier-2,Fashion,ModaLeaf,2046.94,7.624589688855236,3.33,19.785,3.0342315727046008,0.0,0.0,2564.415,7.849875537890053,2.0,6,3,0.5,1,1,0.7982093381921413,6,2,1
U_044,P_071,2026-02-11 20:13:18,43,Tier-2,Electronics,Xiaomi,10198.73,9.230116528333776,2.89,5.3775,1.8527761710338295,999.0,6.907755278982137,3263.75,8.090938469100516,0.0,8,1,0.125,0,1,3.1248502489467636,20,2,0
U_039,P_074,2026-02-12 06:42:55,35,Tier-3,Fashion,UrbanWeave,2212.74,7.702438671864932,22.56,10.388333333333334,2.432589439564632,999.0,6.907755278982137,3263.75,8.090938469100516,0.0,6,3,0.5,1,1,0.6779747223286097,6,3,0
U_036,P_073,2026-02-12 12:00:44,38,Tier-3,Electronics,Samsung,23315.49,10.056916114556213,22.42,8.433333333333334,2.2442495159810822,66.41358796296296,4.2108465994237205,20349.65,9.920868131392579,2.0,9,3,0.3333333333333333,1,0,1.1457440299956019,12,3,0
U_041,P_038,2026-02-12 12:02:20,42,Tier-2,Fashion,UrbanWeave,2694.94,7.899502216591669,15.63,9.09,2.3115448343655176,0.0,0.0,2694.94,7.899502216591669,1.0,11,2,0.18181818181818182,1,1,1.0,12,3,1
U_003,P_010,2026-02-14 02:19:51,32,Tier-1,Electronics,Boat,23230.3,10.053255786316585,3.35,8.107272727272727,2.2090732951311,126.78148148148148,4.850321629108251,15057.24,9.619680628654683,2.0,11,6,0.5454545454545454,1,0,1.5427993443685561,2,5,0
U_033,P_014,2026-02-14 21:54:09,20,Tier-3,Electronics,JBL,20704.72,9.938165269584188,6.48,14.870000000000001,2.7644305345383176,44.857650462962965,3.8255420432992353,5107.969999999999,8.538753097322953,2.0,4,1,0.25,1,0,4.053414565864718,21,5,0
U_002,P_073,2026-02-14 22:50:52,46,Tier-2,Electronics,Samsung,23315.49,10.056916114556213,8.65,4.075,1.6243265249278511,999.0,6.907755278982137,3263.75,8.090938469100516,0.0,4,0,0.0,1,0,7.14377326694753,22,5,0
U_043,P_017,2026-02-15 09:41:17,26,Tier-3,Electronics,Samsung,7183.53,8.879685382316469,18.99,8.706,2.2727442509830245,0.0,0.0,703.955,6.558133970987827,2.0,10,4,0.4,0,1,10.204530119112727,9,6,0
U_009,P_059,2026-02-15 11:58:59,40,Tier-1,Fashion,TrendCraft,2510.55,7.828655371413192,2.05,9.932857142857143,2.3917726717665166,75.3236111111111,4.334982341417851,10757.460000000001,9.283447700796168,2.0,7,2,0.2857142857142857,0,1,0.2333775816967946,11,6,0
U_022,P_041,2026-02-16 18:25:40,19,Tier-1,Fashion,UrbanWeave,1397.08,7.242855145763071,14.11,8.046666666666667,2.2023963657386134,150.10644675925926,5.017984533883168,2925.72,7.981637621029636,1.0,3,2,0.6666666666666666,1,1,0.4775166454753018,18,0,0
U_014,P_021,2026-02-17 08:21:02,57,Tier-3,Fashion,UrbanWeave,3032.41,8.017442678242706,6.02,6.92,2.0693912058263346,80.50028935185185,4.400606570569985,4009.36,8.296636291832128,1.0,7,3,0.42857142857142855,1,0,0.7563326815252309,8,1,0
U_026,P_067,2026-02-17 11:29:08,39,Tier-2,FMCG,Nestle,278.36,5.632501272651237,0.95,5.838888888888889,1.922625275294243,94.35297453703704,4.557585527543452,7732.26,8.95328578618271,1.0,9,2,0.2222222222222222,0,1,0.03599982411351921,11,1,0
U_013,P_002,2026-02-18 04:10:34,53,Tier-3,Fashion,StyleHub,3080.69,8.033233426784808,2.8,6.734999999999999,2.045755484025029,130.24600694444445,4.877073477728512,298.67,5.702681869212168,1.0,6,0,0.0,0,0,10.314695148491646,4,2,0
U_032,P_051,2026-02-19 13:44:38,32,Tier-3,FMCG,ITC,491.84,6.200184577756468,10.15,11.6725,2.5394342913643673,0.0,0.0,491.84,6.200184577756468,1.0,4,0,0.0,1,1,1.0,13,3,1
U_007,P_001,2026-02-19 14:12:19,56,Tier-1,Electronics,Samsung,6822.65,8.828149798289923,43.41,10.143636363636363,2.410868605259215,77.2894212962963,4.360412489096569,12089.61,9.400184397257455,2.0,11,2,0.18181818181818182,0,1,0.564339958030077,14,3,0
U_034,P_067,2026-02-19 17:13:40,54,Tier-1,FMCG,Nestle,278.36,5.632501272651237,5.05,6.136,1.9651523952777084,166.67082175925927,5.122002662988933,7183.53,8.879685382316469,1.0,5,1,0.2,0,1,0.03874975116690541,17,3,0
U_019,P_020,2026-02-20 02:16:40,41,Tier-1,Fashion,ModaLeaf,4101.67,8.31939326025318,8.84,5.398571428571429,1.8560747511638953,0.0,0.0,4101.67,8.31939326025318,1.0,7,0,0.0,0,0,1.0,2,4,1
U_041,P_060,2026-02-22 05:22:52,42,Tier-2,Electronics,Xiaomi,15057.24,9.619680628654683,3.83,9.09,2.3115448343655176,7.1809259259259255,2.1018053380871873,2694.94,7.899502216591669,1.0,11,2,0.18181818181818182,0,0,5.587226431757293,5,6,0
U_012,P_064,2026-02-24 16:59:07,41,Tier-1,FMCG,ITC,394.47,5.980074930980508,1.91,8.426666666666668,2.2435425523602626,52.499027777777776,3.979663481358856,1670.855,7.421689067395996,2.0,6,2,0.3333333333333333,1,1,0.23608870907409682,16,1,0
U_009,P_037,2026-02-24 20:47:10,40,Tier-1,Fashion,TrendCraft,1143.23,7.04248720068316,15.49,9.932857142857143,2.3917726717665166,84.6904050925926,4.450740860089536,10757.460000000001,9.283447700796168,2.0,7,2,0.2857142857142857,0,1,0.10627322806684848,20,1,0
U_016,P_068,2026-02-25 13:38:30,20,Tier-3,Fashion,StyleHub,4261.83,8.357688537949887,2.47,11.512857142857143,2.5267566871196845,999.0,6.907755278982137,3263.75,8.090938469100516,0.0,7,2,0.2857142857142857,1,0,1.3058077364994254,13,2,0
U_016,P_010,2026-02-25 23:31:50,20,Tier-3,Electronics,Boat,23230.3,10.053255786316585,6.65,11.512857142857143,2.5267566871196845,999.0,6.907755278982137,3263.75,8.090938469100516,0.0,7,2,0.2857142857142857,0,0,7.117671390271926,23,2,0
U_043,P_048,2026-02-26 18:20:13,26,Tier-3,FMCG,Dove,816.53,6.706287599345787,8.38,8.706,2.2727442509830245,0.0,0.0,703.955,6.558133970987827,2.0,10,4,0.4,1,0,1.1599178924789226,18,3,0
U_023,P_074,2026-02-27 16:00:22,38,Tier-2,Fashion,UrbanWeave,2212.74,7.702438671864932,11.43,15.719999999999999,2.8166056076565553,79.84837962962963,4.39257554413557,17759.54,9.78473442148933,1.0,5,1,0.2,0,1,0.12459444332454556,16,4,0
U_043,P_073,2026-02-28 14:00:14,26,Tier-3,Electronics,Samsung,23315.49,10.056916114556213,13.31,8.706,2.2727442509830245,0.0,0.0,703.955,6.558133970987827,2.0,10,4,0.4,0,0,33.12071084089182,14,5,0
U_015,P_070,2026-03-01 08:59:07,41,Tier-3,Fashion,TrendCraft,4159.46,8.333380924065208,5.04,11.99,2.5641798306825083,999.0,6.907755278982137,3263.75,8.090938469100516,0.0,3,0,0.0,0,0,1.2744419762543087,8,6,0
U_007,P_012,2026-03-02 19:08:56,56,Tier-1,FMCG,Dove,368.89,5.913205664139371,1.22,10.143636363636363,2.410868605259215,88.49540509259259,4.494187284215311,12089.61,9.400184397257455,2.0,11,2,0.18181818181818182,1,1,0.030512977672563463,19,0,0
U_011,P_006,2026-03-03 16:25:38,28,Tier-2,FMCG,Patanjali,1129.14,7.030096797837492,8.17,8.837,2.2861507865306208,160.37778935185185,5.083748133924329,1449.0,7.27931883541462,1.0,10,2,0.2,0,0,0.7792546583850932,16,1,0
U_025,P_075,2026-03-03 18:24:53,29,Tier-3,Fashion,ModaLeaf,4366.62,8.381973517303344,5.09,4.764285714285714,1.7516812456606445,167.32633101851852,5.125904541832242,1449.0,7.27931883541462,1.0,7,2,0.2857142857142857,1,0,3.0135403726708074,18,1,0
U_006,P_032,2026-03-04 12:35:30,38,Tier-3,Fashion,TrendCraft,2925.72,7.981637621029636,14.84,14.84,2.7625383863862796,999.0,6.907755278982137,3263.75,8.090938469100516,0.0,1,0,0.0,1,1,0.8964289544235924,12,2,0
U_039,P_018,2026-03-05 03:59:27,35,Tier-3,FMCG,ITC,184.28,5.221868194384631,0.85,10.388333333333334,2.432589439564632,999.0,6.907755278982137,3263.75,8.090938469100516,0.0,6,3,0.5,0,1,0.05646265798544619,3,3,0
U_001,P_071,2026-03-06 22:35:08,56,Tier-3,Electronics,Xiaomi,10198.73,9.230116528333776,6.38,13.024999999999999,2.6408414514087597,999.0,6.907755278982137,3263.75,8.090938469100516,0.0,4,2,0.5,0,1,3.1248502489467636,22,4,0
U_045,P_042,2026-03-08 14:30:12,19,Tier-1,Electronics,Boat,18236.21,9.811219291402352,2.17,8.37375,2.237913229633462,0.0,0.0,12813.736666666666,9.458351089751043,3.0,8,4,0.5,1,0,1.4231765857526337,14,6,1
U_026,P_048,2026-03-09 00:06:22,39,Tier-2,FMCG,Dove,816.53,6.706287599345787,2.88,5.838888888888889,1.922625275294243,113.87883101851853,4.743877929573686,7732.26,8.95328578618271,1.0,9,2,0.2222222222222222,0,0,0.10560043247381748,0,0,0
U_036,P_071,2026-03-09 17:26:48,38,Tier-3,Electronics,Xiaomi,10198.73,9.230116528333776,26.42,8.433333333333334,2.2442495159810822,91.64002314814815,4.52872126369672,20349.65,9.920868131392579,2.0,9,3,0.3333333333333333,1,1,0.5011747130786033,17,0,0
U_014,P_075,2026-03-11 23:55:45,57,Tier-3,Fashion,ModaLeaf,4366.62,8.381973517303344,5.88,6.92,2.0693912058263346,103.14939814814815,4.645826388987914,4009.36,8.296636291832128,1.0,7,3,0.42857142857142855,1,0,1.0891064908115011,23,2,0
U_003,P_042,2026-03-15 06:54:18,32,Tier-1,Electronics,Boat,18236.21,9.811219291402352,4.57,8.107272727272727,2.2090732951311,155.97207175925925,5.05606790264086,15057.24,9.619680628654683,2.0,11,6,0.5454545454545454,1,0,1.2111256777470505,6,6,0
U_025,P_071,2026-03-16 06:45:13,29,Tier-3,Electronics,Xiaomi,10198.73,9.230116528333776,10.42,4.764285714285714,1.7516812456606445,179.84045138888888,5.197615158491023,1449.0,7.27931883541462,1.0,7,2,0.2857142857142857,0,1,7.038461007591442,6,0,0
U_011,P_037,2026-03-16 11:11:13,28,Tier-2,Fashion,TrendCraft,1143.23,7.04248720068316,5.7,8.837,2.2861507865306208,173.15944444444443,5.159971227006439,1449.0,7.27931883541462,1.0,10,2,0.2,0,1,0.7889786059351277,11,0,0
U_038,P_015,2026-03-16 22:43:27,56,Tier-3,FMCG,HUL,701.82,6.555100813506211,6.19,7.892727272727272,2.1852337823128405,999.0,6.907755278982137,3263.75,8.090938469100516,0.0,11,3,0.2727272727272727,1,1,0.2150348525469169,22,0,0
U_038,P_073,2026-03-17 05:18:16,56,Tier-3,Electronics,Samsung,23315.49,10.056916114556213,9.88,7.892727272727272,2.1852337823128405,999.0,6.907755278982137,3263.75,8.090938469100516,0.0,11,3,0.2727272727272727,0,0,7.14377326694753,5,1,0
U_043,P_051,2026-03-17 20:00:18,26,Tier-3,FMCG,ITC,491.84,6.200184577756468,12.06,8.706,2.2727442509830245,0.0,0.0,703.955,6.558133970987827,2.0,10,4,0.4,1,1,0.6986810236449772,20,1,1
U_001,P_041,2026-03-18 12:29:13,56,Tier-3,Fashion,UrbanWeave,1397.08,7.242855145763071,17.88,13.024999999999999,2.6408414514087597,999.0,6.907755278982137,3263.75,8.090938469100516,0.0,4,2,0.5,1,1,0.4280597472232861,12,2,0
U_025,P_034,2026-03-18 14:48:30,29,Tier-3,Fashion,TrendCraft,905.89,6.810021163818686,3.67,4.764285714285714,1.7516812456606445,182.17606481481482,5.210447793130346,1449.0,7.27931883541462,1.0,7,2,0.2857142857142857,1,1,0.6251828847481021,14,2,0
